{
  "$schema": "https://schema.management.azure.com/schemas/0.1.2-preview/CreateUIDefinition.MultiVm.json#",
  "handler": "Microsoft.Azure.CreateUIDef",
  "version": "0.1.2-preview",
  "parameters": {
    "config": {
      "basics": {}
    },
    "basics": [
      {
        "name": "customerAllowedIp",
        "type": "Microsoft.Common.TextBox",
        "label": "Customer IP Address",
        "defaultValue": "",
        "toolTip": "Enter your public IP address to allow access to the VM.",
        "constraints": {
          "required": true,
          "regex": "^(?:[0-9]{1,3}\\.){3}[0-9]{1,3}$"
        }
      }
    ],
    "steps": [],
    "outputs": {
      "customerAllowedIp": "[basics('customerAllowedIp')]"
    }
  }
}
